{"_counts": [[0.006831460674157303, 0.005535714285714285, 0.0052202283849918435, 0.01639344262295082], [0.0032676293875830084, 0.0024487978628673196, 0.004593477262287551, 0.00273224043715847], [0.0017445917655268667, 0.0023540489642184556, 0.0012836970474967907, 0.0]], "_edges": [[200.0, 300.0, 400.0, 600.0, 800.0], [0.0, 0.7999999999999999, 1.5999999999999999, 2.4]], "_errors": [[0.0007862943685900288, 0.0009969917626081245, 0.0013084590103836894, 0.005843271944412498], [0.0005878416400355025, 0.0007392438065851254, 0.0014559174386833038, 0.0027359704599698503], [0.0005521693823990057, 0.0010540011003597233, 0.0012845207222992165, 0.0]], "_errors_up": null, "_errors_down": null, "_metadata": {}}