{"_counts": [[0.2572357723577236, 0.1800069905627403, 0.14885699096225413, 0.1633935585231736], [0.19156883671291355, 0.11622125543816035, 0.10832932113625421, 0.11], [0.08486562942008487, 0.04439746300211417, 0.05719557195571956, 0.072]], "_edges": [[200.0, 300.0, 400.0, 600.0, 800.0], [0.0, 0.7999999999999999, 1.5999999999999999, 2.4]], "_errors": [[0.01025537360532418, 0.008616443543647113, 0.006742302100799486, 0.012219870155700644], [0.011036648368525968, 0.008979246690757982, 0.007603073237503157, 0.014265342617687107], [0.011411538149508916, 0.009901053579995909, 0.010562317742881501, 0.024848983882645986]], "_errors_up": null, "_errors_down": null, "_metadata": {}}