{"_counts": [[0.24598930481283424, 0.216, 0.14864864864864866, 0.16666666666666666], [0.25675675675675674, 0.15942028985507245, 0.06666666666666667, 0.125], [0.14545454545454545, 0.05128205128205128, 0.1111111111111111, 0.0]], "_edges": [[200.0, 300.0, 400.0, 600.0, 800.0], [0.0, 0.7999999999999999, 1.5999999999999999, 2.4]], "_errors": [[0.04048503010423523, 0.045839371723443156, 0.048035047648751335, 0.1800205749557739], [0.046693421385195576, 0.051756833711443614, 0.04868644955601477, 0.13258252147247765], [0.05503908863012869, 0.03718005395292227, 0.11712139482105108, 0.0]], "_errors_up": null, "_errors_down": null, "_metadata": {}}