{"_counts": [[0.01768351968886728, 0.024201239866475918, 0.02796688132474701, 0.02608695652173913], [0.014258853024130366, 0.014660965180207697, 0.017116060961313014, 0.016695957820738138], [0.008456952724247886, 0.00969962453066333, 0.008429926238145416, 0.005405405405405406]], "_edges": [[200.0, 300.0, 400.0, 600.0, 800.0], [0.0, 0.7999999999999999, 1.5999999999999999, 2.4]], "_errors": [[0.0010457517177459288, 0.0017190252099879132, 0.0022999151128601184, 0.004231391354015874], [0.0010644451856487826, 0.001507257391509922, 0.0020203548319360073, 0.0038621584461505766], [0.0010873708030028563, 0.0017505324817196155, 0.00211634587440938, 0.003832515162080053]], "_errors_up": null, "_errors_down": null, "_metadata": {}}