{"_counts": [[0.1888111888111888, 0.14545454545454545, 0.12206572769953052, 0.15611814345991562], [0.1744186046511628, 0.1044776119402985, 0.056818181818181816, 0.06930693069306931], [0.2692307692307692, 0.17391304347826086, 0.043478260869565216, 0.0]], "_edges": [[200.0, 300.0, 400.0, 600.0, 800.0], [0.0, 0.7999999999999999, 1.5999999999999999, 2.4]], "_errors": [[0.03961888843089723, 0.038918512800691404, 0.025358071339476203, 0.027596475817417206], [0.04880436197380329, 0.04150043756954106, 0.026121762001012985, 0.02708811827782246], [0.1146425844378554, 0.09421501545842807, 0.044413384213499926, 0.0]], "_errors_up": null, "_errors_down": null, "_metadata": {}}