{"_counts": [[0.2261904761904762, 0.21875, 0.16216216216216217, 0.0], [0.18072289156626506, 0.17391304347826086, 0.16, 0.0], [0.1724137931034483, 0.16666666666666666, 0.07142857142857142, 0.0]], "_edges": [[200.0, 300.0, 400.0, 600.0, 800.0], [0.0, 0.7999999999999999, 1.5999999999999999, 2.4]], "_errors": [[0.057461437142220975, 0.064541842351009, 0.07136861468560546, 0.0], [0.05070391908789232, 0.0666200763202499, 0.08616263691415206, 0.0], [0.059035393994323, 0.09001028747788695, 0.07393559564382367, 0.0]], "_errors_up": null, "_errors_down": null, "_metadata": {}}