{"_counts": [[0.3084677419354839, 0.27829002514668905, 0.25076804915514594, 0.2701644479248238], [0.26986301369863014, 0.2259953161592506, 0.2086687306501548, 0.23823975720789076], [0.1345565749235474, 0.11564625850340136, 0.14858490566037735, 0.15748031496062992]], "_edges": [[200.0, 300.0, 400.0, 600.0, 800.0], [0.0, 0.7999999999999999, 1.5999999999999999, 2.4]], "_errors": [[0.02017114499660474, 0.01726805002755845, 0.010974986635800514, 0.0163926296263545], [0.021666496447347635, 0.018012134833791663, 0.012496720803343544, 0.021157618584363515], [0.0216068603033224, 0.02094861835338483, 0.020062542532164437, 0.037885069105230665]], "_errors_up": null, "_errors_down": null, "_metadata": {}}