{"_counts": [[0.004292421193829644, 0.004891864057672502, 0.006731228557779997, 0.00914862573445325], [0.002755295333218529, 0.002031144211238998, 0.004247199310599532, 0.005163955589981926], [0.00033932813030200206, 0.0008312551953449709, 0.0014385532264693795, 0.002963841138114997]], "_edges": [[200.0, 300.0, 400.0, 600.0, 800.0], [0.0, 0.7999999999999999, 1.5999999999999999, 2.4]], "_errors": [[0.0007604268342799826, 0.0007955037778091675, 0.0005424819074098097, 0.0006033779502085216], [0.000689772137086374, 0.0005869359978853897, 0.0005123873640324369, 0.0005788365662413715], [0.00033938569720890567, 0.0005880304349373576, 0.0005441129581170331, 0.0009386367626832628]], "_errors_up": null, "_errors_down": null, "_metadata": {}}