{"_counts": [[0.2717706821480406, 0.20793346129238643, 0.17727090836334533, 0.17179902755267423], [0.1602634467618002, 0.12613636363636363, 0.10770381451009724, 0.08502024291497975], [0.09785202863961814, 0.05014749262536873, 0.07142857142857142, 0.06521739130434782]], "_edges": [[200.0, 300.0, 400.0, 600.0, 800.0], [0.0, 0.7999999999999999, 1.5999999999999999, 2.4]], "_errors": [[0.011198661052546872, 0.008963739166175322, 0.00913847678934165, 0.01806318522092142], [0.010102325517501683, 0.008983784187855327, 0.009446298486765283, 0.019325538956330282], [0.016012155894588886, 0.012463783953852819, 0.01793201590190835, 0.03886171118681243]], "_errors_up": null, "_errors_down": null, "_metadata": {}}