{"_counts": [[0.42857142857142855, 0.3333333333333333, 0.5, NaN], [0.5, 0.0, 0.0, NaN], [NaN, 0.0, 1.0, NaN]], "_edges": [[200.0, 300.0, 400.0, 600.0, 800.0], [0.0, 0.7999999999999999, 1.5999999999999999, 2.4]], "_errors": [[0.29574238257529467, 0.3849001794597505, 0.35355339059327373, NaN], [0.35355339059327373, 0.0, 0.0, NaN], [NaN, 0.0, 1.0, NaN]], "_errors_up": null, "_errors_down": null, "_metadata": {}}