{"_counts": [[0.4481132075471698, 0.5570599613152805, 0.5081967213114754, 0.44900878806458205], [0.3958333333333333, 0.4223918575063613, 0.39106366152629496, 0.34430489389346036], [0.3018867924528302, 0.3333333333333333, 0.2554517133956386, 0.2096069868995633]], "_edges": [[200.0, 300.0, 400.0, 600.0, 800.0], [0.0, 0.7999999999999999, 1.5999999999999999, 2.4]], "_errors": [[0.055325735862296804, 0.040959851121545265, 0.012943429912260412, 0.011531221711146037], [0.06194292630177525, 0.03909949267855265, 0.014666376154955347, 0.014158215593678306], [0.08611339911849543, 0.08206099398622183, 0.031608355458723314, 0.033274173722704525]], "_errors_up": null, "_errors_down": null, "_metadata": {}}