{"_counts": [[0.5317460317460317, 0.5, 0.39655172413793105, 1.0], [0.4583333333333333, 0.40625, 0.2413793103448276, NaN], [0.3050847457627119, 0.4, 0.23076923076923078, NaN]], "_edges": [[200.0, 300.0, 400.0, 600.0, 800.0], [0.0, 0.7999999999999999, 1.5999999999999999, 2.4]], "_errors": [[0.056851933627950074, 0.08411582311380664, 0.0977157201603728, 0.816496580927726], [0.05900224120821677, 0.09447958298787362, 0.10164903816010706, NaN], [0.08214924903045658, 0.12649110640673517, 0.14781060351238812, NaN]], "_errors_up": null, "_errors_down": null, "_metadata": {}}