{"_counts": [[0.013520038628681796, 0.014585342333654773, 0.01228401727861771, 0.010699588477366255], [0.007603649751880903, 0.008114427176454407, 0.005355548943766736, 0.005376344086021506], [0.0031210264709282164, 0.0028368794326241137, 0.0019487750556792874, 0.005494505494505495]], "_edges": [[200.0, 300.0, 400.0, 600.0, 800.0], [0.0, 0.7999999999999999, 1.5999999999999999, 2.4]], "_errors": [[0.000972223393095154, 0.0013355748541407553, 0.0012955999197857744, 0.0021095578760702972], [0.00078307825973119, 0.0010606858523408925, 0.0008949784577229394, 0.0016253804971105964], [0.0006015784036932627, 0.0007592626025313687, 0.0007372850900297747, 0.002754789805989734]], "_errors_up": null, "_errors_down": null, "_metadata": {}}