{"_counts": [[0.006200396825396825, 0.005942555298778475, 0.006593406593406593, 0.00968609865470852], [0.0030120481927710845, 0.0024813895781637717, 0.004789272030651341, 0.00768984299903877], [0.0007067137809187279, 0.0, 0.003015075376884422, 0.0019455252918287938]], "_edges": [[200.0, 300.0, 400.0, 600.0, 800.0], [0.0, 0.7999999999999999, 1.5999999999999999, 2.4]], "_errors": [[0.001243917916218346, 0.0014048293423408599, 0.0011515423878049834, 0.0013244793654756612], [0.0010055269997457838, 0.0011110871148900232, 0.0012395423543224723, 0.0015757063773929113], [0.0007069634589978543, 0.0, 0.0017433768585037915, 0.0019474169065603493]], "_errors_up": null, "_errors_down": null, "_metadata": {}}