{"_counts": [[0.0030717676626640603, 0.005142857142857143, 0.0041279669762641896, 0.007751937984496124], [0.0015006002400960385, 0.003401360544217687, 0.0026595744680851063, 0.0], [0.0010193679918450561, 0.0015015015015015015, 0.0037593984962406013, 0.0]], "_edges": [[200.0, 300.0, 400.0, 600.0, 800.0], [0.0, 0.7999999999999999, 1.5999999999999999, 2.4]], "_errors": [[0.000927594201308051, 0.001718688224439787, 0.0020682391287083924, 0.005502652822883909], [0.0006715921580570235, 0.0015237194462444752, 0.001883102282943527, 0.0], [0.0007211693072352656, 0.0015026283320552238, 0.0037664584057385273, 0.0]], "_errors_up": null, "_errors_down": null, "_metadata": {}}