{"_counts": [[0.004858564258251803, 0.004691603378522252, 0.005426274694351872, 0.008989007418638654], [0.0028312259483232547, 0.002631012237483966, 0.0032669152462937055, 0.005016408813877168], [0.0012636951427484756, 0.001177856301531213, 0.0016084386923019376, 0.0019501625135427952]], "_edges": [[200.0, 300.0, 400.0, 600.0, 800.0], [0.0, 0.7999999999999999, 1.5999999999999999, 2.4]], "_errors": [[0.00016446012781355743, 0.00018290978824696776, 0.00016185930405890488, 0.0004955482130274998], [0.00013968180749104192, 0.0001571593684587368, 0.0001502992945730296, 0.00048616938792804196], [0.00012459423231110138, 0.00015215012107879736, 0.00017358183441244557, 0.0006506877180897232]], "_errors_up": null, "_errors_down": null, "_metadata": {}}