{"_counts": [[0.21212121212121213, 0.16666666666666666, 0.0, 0.0], [0.13043478260869565, 0.2, 0.09090909090909091, 1.0], [0.2222222222222222, 0.3333333333333333, 0.25, NaN]], "_edges": [[200.0, 300.0, 400.0, 600.0, 800.0], [0.0, 0.7999999999999999, 1.5999999999999999, 2.4]], "_errors": [[0.0882689795459902, 0.10393492741038725, 0.0, 0.0], [0.08006736704932843, 0.15491933384829668, 0.09495144870310791, 1.4142135623730951], [0.1737191022156826, 0.2721655269759087, 0.2795084971874737, NaN]], "_errors_up": null, "_errors_down": null, "_metadata": {}}