{"_counts": [[0.2566995768688293, 0.23402868318122555, 0.2727272727272727, 0.28763440860215056], [0.20352272727272727, 0.18495821727019499, 0.2244786944696283, 0.22322503008423586], [0.12781149589432345, 0.11618257261410789, 0.12889983579638753, 0.13596491228070176]], "_edges": [[200.0, 300.0, 400.0, 600.0, 800.0], [0.0, 0.7999999999999999, 1.5999999999999999, 2.4]], "_errors": [[0.004769690459846945, 0.005601558380870712, 0.005917976305228092, 0.01051777754321909], [0.0052758479261336, 0.006379629830163321, 0.00705976788058414, 0.012817670849457027], [0.007173757024919159, 0.009470086952259794, 0.010930253711344217, 0.026027260477204446]], "_errors_up": null, "_errors_down": null, "_metadata": {}}