{"_counts": [[0.2651162790697674, 0.2430939226519337, 0.1724137931034483, 0.20754716981132076], [0.22043010752688172, 0.17699115044247787, 0.1553398058252427, 0.2], [0.19101123595505617, 0.14285714285714285, 0.15625, 0.0]], "_edges": [[200.0, 300.0, 400.0, 600.0, 800.0], [0.0, 0.7999999999999999, 1.5999999999999999, 2.4]], "_errors": [[0.039497007275357085, 0.04086012914866415, 0.034084100614337996, 0.06876580401651626], [0.038030798203504336, 0.04293615529665727, 0.0417424211014217, 0.0828078671210825], [0.050558290778797296, 0.05772300254584062, 0.0751382189909037, 0.0]], "_errors_up": null, "_errors_down": null, "_metadata": {}}