{"_counts": [[0.005343223535328137, 0.004555182785747339, 0.006371092958887463, 0.008926673751328374], [0.0034272291430001733, 0.002865869753761454, 0.003372866083822419, 0.004218231444434106], [0.0011683949174821088, 0.0009102569407091729, 0.001661692892023874, 0.002151081867645198]], "_edges": [[200.0, 300.0, 400.0, 600.0, 800.0], [0.0, 0.7999999999999999, 1.5999999999999999, 2.4]], "_errors": [[0.0002905501221421424, 0.00025723936628325425, 0.00023260526610310072, 0.00041715598306063555], [0.00025732150449274437, 0.00023278558343598385, 0.00020299736002403143, 0.00036247244845572196], [0.00020666562014854835, 0.0001941557373496472, 0.0002375818472279241, 0.0005222748085883586]], "_errors_up": null, "_errors_down": null, "_metadata": {}}