{"_counts": [[0.1797752808988764, 0.1853932584269663, 0.0975609756097561, 0.17391304347826086], [0.15204678362573099, 0.10752688172043011, 0.0945945945945946, 0.0], [0.05154639175257732, 0.1590909090909091, 0.047619047619047616, 0.0]], "_edges": [[200.0, 300.0, 400.0, 600.0, 800.0], [0.0, 0.7999999999999999, 1.5999999999999999, 2.4]], "_errors": [[0.028184413609141926, 0.03513728442446105, 0.02950528677605531, 0.09421501545842807], [0.032005574079278995, 0.0357844370589103, 0.0374062308585352, 0.0], [0.02363891214883383, 0.0647373761731128, 0.048739649116110374, 0.0]], "_errors_up": null, "_errors_down": null, "_metadata": {}}