{"_counts": [[0.3018101219061692, 0.18348900271166013, 0.15771015987622486, 0.154585448392555], [0.19944903581267218, 0.12021857923497267, 0.08064895367975547, 0.07918934133983861], [0.08763693270735524, 0.0532994923857868, 0.033542976939203356, 0.03618421052631579]], "_edges": [[200.0, 300.0, 400.0, 600.0, 800.0], [0.0, 0.7999999999999999, 1.5999999999999999, 2.4]], "_errors": [[0.012047490554599506, 0.008088789008939959, 0.004339661463737263, 0.0034756305030976898], [0.011480704946134953, 0.00857850554540156, 0.004526828025774132, 0.004004601714111068], [0.012213359157574434, 0.011936839733712965, 0.008525225639457472, 0.011105579977527733]], "_errors_up": null, "_errors_down": null, "_metadata": {}}