{"_counts": [[0.008368200836820083, 0.009580838323353293, 0.006323893318669233, 0.0066100094428706326], [0.006514657980456026, 0.005952380952380952, 0.004072681704260651, 0.008015087223008015], [0.0032733224222585926, 0.007561436672967864, 0.0037151702786377707, 0.0]], "_edges": [[200.0, 300.0, 400.0, 600.0, 800.0], [0.0, 0.7999999999999999, 1.5999999999999999, 2.4]], "_errors": [[0.002970959092789868, 0.003403525960774576, 0.0013227857542329497, 0.001772428335314843], [0.0026682471054417967, 0.0026698965093602993, 0.0011318564995187238, 0.0019517190824510588], [0.0023183735840424883, 0.0037949852488255763, 0.0015195267245995258, 0.0]], "_errors_up": null, "_errors_down": null, "_metadata": {}}