{"_counts": [[0.3605582676179747, 0.48348988089474193, 0.598183022617583, 0.6617305458768873], [0.3100921273031826, 0.4153513872736335, 0.5345521023765997, 0.5989911727616646], [0.21418826739427013, 0.3103448275862069, 0.42948717948717946, 0.40458015267175573]], "_edges": [[200.0, 300.0, 400.0, 600.0, 800.0], [0.0, 0.7999999999999999, 1.5999999999999999, 2.4]], "_errors": [[0.00554096100329249, 0.00833391180484796, 0.009511618965780386, 0.017868550396449186], [0.006521524523484194, 0.009882749752918533, 0.01224594140528267, 0.02457432812211257], [0.009418004029097532, 0.016265900875510858, 0.025611045644555654, 0.0658627564839303]], "_errors_up": null, "_errors_down": null, "_metadata": {}}