{"_counts": [[0.2621121059732614, 0.2339252233373773, 0.23144466534128563, 0.258008658008658], [0.2099607549990656, 0.18933758413035778, 0.17922497308934338, 0.18825561312607944], [0.13000755857898716, 0.11542857142857142, 0.09518213866039953, 0.1038961038961039]], "_edges": [[200.0, 300.0, 400.0, 600.0, 800.0], [0.0, 0.7999999999999999, 1.5999999999999999, 2.4]], "_errors": [[0.004504211625159472, 0.005642234595719434, 0.006871577085805018, 0.01676362599134102], [0.004872167738026686, 0.006315395457370443, 0.007541534865968086, 0.019655750124393634], [0.006083933048368131, 0.008577456383887516, 0.011067668063221726, 0.03859387346254297]], "_errors_up": null, "_errors_down": null, "_metadata": {}}