{"_counts": [[0.23006134969325154, 0.19298245614035087, 0.16648764769065522, 0.1584553928095872], [0.16417910447761194, 0.13761467889908258, 0.0935412026726058, 0.08206686930091185], [0.10256410256410256, 0.04225352112676056, 0.08421052631578947, 0.08450704225352113]], "_edges": [[200.0, 300.0, 400.0, 600.0, 800.0], [0.0, 0.7999999999999999, 1.5999999999999999, 2.4]], "_errors": [[0.029462962832736753, 0.025945550527186948, 0.014442961056728243, 0.015634111375728784], [0.03083690710696833, 0.026797959557712407, 0.015093705768658386, 0.01642907204687695], [0.03807608740452403, 0.02490513866721851, 0.031001178085963078, 0.035928034964269835]], "_errors_up": null, "_errors_down": null, "_metadata": {}}