{"_counts": [[0.305168986083499, 0.19543973941368079, 0.1601423487544484, 0.08163265306122448], [0.18914728682170542, 0.06806282722513089, 0.09929078014184398, 0.0], [0.07692307692307693, 0.06451612903225806, 0.03333333333333333, 0.0]], "_edges": [[200.0, 300.0, 400.0, 600.0, 800.0], [0.0, 0.7999999999999999, 1.5999999999999999, 2.4]], "_errors": [[0.019897777934991343, 0.027586785249048052, 0.025713167391279445, 0.042449620345658995], [0.01867402884718799, 0.019509076378078513, 0.0278228233220511, 0.0], [0.020611203909448726, 0.033282384165909416, 0.03388433484883757, 0.0]], "_errors_up": null, "_errors_down": null, "_metadata": {}}