{"_counts": [[0.006026516673362796, 0.004250797024442083, 0.011627906976744186, 0.011211832061068702], [0.0043782837127845885, 0.006384213580963436, 0.008592910848549946, 0.00719002201027146], [0.001463057790782736, 0.001034126163391934, 0.0029533372711163615, 0.0026327336551118913]], "_edges": [[200.0, 300.0, 400.0, 600.0, 800.0], [0.0, 0.7999999999999999, 1.5999999999999999, 2.4]], "_errors": [[0.0015607216213469788, 0.0015060745401899742, 0.0017631351806585616, 0.00116287685958468], [0.0013875625103941846, 0.00193104757234146, 0.0015255388515870991, 0.0010308319889306581], [0.0010352946030267225, 0.0010346607336852696, 0.0013227214853001878, 0.0010762229268756948]], "_errors_up": null, "_errors_down": null, "_metadata": {}}