{"_counts": [[0.3913871951219512, 0.39531772575250834, 0.4270557029177719, 0.456], [0.33715441672285906, 0.3284848484848485, 0.3333333333333333, 0.41798941798941797], [0.20884520884520885, 0.2019704433497537, 0.3014705882352941, 0.4117647058823529]], "_edges": [[200.0, 300.0, 400.0, 600.0, 800.0], [0.0, 0.7999999999999999, 1.5999999999999999, 2.4]], "_errors": [[0.014406065737769008, 0.019208307672547314, 0.02010305472374051, 0.03643997804609657], [0.017435509094065625, 0.02299900245976327, 0.024590370452110585, 0.05600002700020846], [0.02490579450170579, 0.03458141698474994, 0.05371186087425391, 0.18491888188079428]], "_errors_up": null, "_errors_down": null, "_metadata": {}}