{"_counts": [[0.31020408163265306, 0.3054662379421222, 0.359375, 0.3564356435643564], [0.24892703862660945, 0.21243523316062177, 0.3067484662576687, 0.2692307692307692], [0.14893617021276595, 0.1724137931034483, 0.2553191489361702, 0.2857142857142857]], "_edges": [[200.0, 300.0, 400.0, 600.0, 800.0], [0.0, 0.7999999999999999, 1.5999999999999999, 2.4]], "_errors": [[0.04072960382988811, 0.03580834390830465, 0.03088933721471623, 0.048923157142498175], [0.036528060187421565, 0.03653119622543577, 0.035065367871367, 0.0573212922189277], [0.042666214773395224, 0.04820219735008594, 0.05839220080077552, 0.16198477414681167]], "_errors_up": null, "_errors_down": null, "_metadata": {}}