{"_counts": [[0.005065622841353903, 0.045454545454545456, 0.0, 0.0], [0.0034086698777324935, 0.0, 0.0, 0.0], [0.0020722704312912837, 0.0, 0.0, 0.0]], "_edges": [[200.0, 300.0, 400.0, 600.0, 800.0], [0.0, 0.7999999999999999, 1.5999999999999999, 2.4]], "_errors": [[0.0006251123700426569, 0.046476123467776825, 0.0, 0.0], [0.0005034367922432822, 0.0, 0.0, 0.0], [0.0005186041181106173, 0.0, 0.0, 0.0]], "_errors_up": null, "_errors_down": null, "_metadata": {}}