{"_counts": [[0.18, 0.11764705882352941, 0.1, 0.0], [0.12903225806451613, 0.3, 0.0, NaN], [0.2222222222222222, 0.0, NaN, NaN]], "_edges": [[200.0, 300.0, 400.0, 600.0, 800.0], [0.0, 0.7999999999999999, 1.5999999999999999, 2.4]], "_errors": [[0.06517668294720129, 0.0879464707760473, 0.10488088481701517, 0.0], [0.06855221266181312, 0.19748417658131498, 0.0, NaN], [0.1737191022156826, 0.0, NaN, NaN]], "_errors_up": null, "_errors_down": null, "_metadata": {}}