{"_counts": [[0.005095045621389525, 0.00478216315250132, 0.005733464449100004, 0.0114247311827957], [0.0029987754196839234, 0.002795248078266946, 0.0032463214402302046, 0.0039011703511053317], [0.001149937148043134, 0.0012714132762312634, 0.0017730793034809226, 0.0]], "_edges": [[200.0, 300.0, 400.0, 600.0, 800.0], [0.0, 0.7999999999999999, 1.5999999999999999, 2.4]], "_errors": [[0.00011413298308513631, 0.0001071342443324148, 0.00015701609980335292, 0.0019704858293564313], [9.83225926566041e-05, 9.435939662358498e-05, 0.000140316313226869, 0.0013029241696827598], [8.055798271377015e-05, 9.22966312896556e-05, 0.00017236929533464616, 0.0]], "_errors_up": null, "_errors_down": null, "_metadata": {}}