{"_counts": [[0.44171779141104295, 0.4365482233502538, 0.4991922455573506, 0.45391670425499925], [0.42, 0.35467980295566504, 0.38461538461538464, 0.3491209185504126], [0.2982456140350877, 0.23728813559322035, 0.26666666666666666, 0.22325581395348837]], "_edges": [[200.0, 300.0, 400.0, 600.0, 800.0], [0.0, 0.7999999999999999, 1.5999999999999999, 2.4]], "_errors": [[0.04419811778256803, 0.0398958852712271, 0.020075049597965258, 0.00996126220157023], [0.05460769176590419, 0.048650637811944834, 0.024544363258356752, 0.013000046014655894], [0.0824191321178347, 0.07054194507543635, 0.05305482838361477, 0.03564025503116038]], "_errors_up": null, "_errors_down": null, "_metadata": {}}