{"_counts": [[0.004014452027298274, 0.0013679890560875513, 0.015267175572519083, 0.029411764705882353], [0.0035955056179775282, 0.0015408320493066256, 0.0, 0.0], [0.0, 0.0, 0.0, 0.0]], "_edges": [[200.0, 300.0, 400.0, 600.0, 800.0], [0.0, 0.7999999999999999, 1.5999999999999999, 2.4]], "_errors": [[0.0012720267798337077, 0.0013689244333292105, 0.007691638719588717, 0.0298411562468172], [0.0012734864607347827, 0.0015420186740872797, 0.0, 0.0], [0.0, 0.0, 0.0, 0.0]], "_errors_up": null, "_errors_down": null, "_metadata": {}}