{"_counts": [[0.3076923076923077, 0.2840909090909091, 0.30246913580246915, 0.25663716814159293], [0.22641509433962265, 0.24444444444444444, 0.18681318681318682, 0.12844036697247707], [0.14285714285714285, 0.1, 0.0, 0.1111111111111111]], "_edges": [[200.0, 300.0, 400.0, 600.0, 800.0], [0.0, 0.7999999999999999, 1.5999999999999999, 2.4]], "_errors": [[0.05864326922019134, 0.06438507676817103, 0.049313604282996894, 0.037775524935198125], [0.07238248632177235, 0.08221888548451323, 0.049359897587975654, 0.03646505111288277], [0.07636035483212125, 0.07416198487095663, 0.0, 0.11712139482105108]], "_errors_up": null, "_errors_down": null, "_metadata": {}}