{"_counts": [[0.007697690692792162, 0.004181184668989547, 0.006553911205073996, 0.01712124228548676], [0.0044027003228646906, 0.003368421052631579, 0.005071238831200193, 0.00888494002665482], [0.004952947003467063, 0.0031496062992125984, 0.002960331557134399, 0.0023828435266084196]], "_edges": [[200.0, 300.0, 400.0, 600.0, 800.0], [0.0, 0.7999999999999999, 1.5999999999999999, 2.4]], "_errors": [[0.0013451435021858596, 0.0012095247683431081, 0.001180968262678604, 0.0018619688439627383], [0.0011392720208968396, 0.0011929207523013936, 0.0011094374954284541, 0.0014110594922610987], [0.0015701333749081965, 0.00157728120487567, 0.001325858663663285, 0.001377373457305667]], "_errors_up": null, "_errors_down": null, "_metadata": {}}