{"_counts": [[0.006231551328304362, 0.006220839813374806, 0.004690431519699813, 0.006756756756756757], [0.0036409976333515383, 0.005620608899297424, 0.004901960784313725, 0.0], [0.0023767082590612004, 0.0019455252918287938, 0.0, 0.0]], "_edges": [[200.0, 300.0, 400.0, 600.0, 800.0], [0.0, 0.7999999999999999, 1.5999999999999999, 2.4]], "_errors": [[0.001014035930588447, 0.0015600398095468916, 0.002102538371962088, 0.006779545208490348], [0.0008156326371495146, 0.001627083444599301, 0.002456980353135125, 0.0], [0.0008412912367907902, 0.0013770317004261523, 0.0, 0.0]], "_errors_up": null, "_errors_down": null, "_metadata": {}}