{"_counts": [[0.314002828854314, 0.3638888888888889, 0.4378238341968912, 0.538961038961039], [0.25413223140495866, 0.2637795275590551, 0.3348623853211009, 0.39285714285714285], [0.1638418079096045, 0.20512820512820512, 0.22448979591836735, 0.18181818181818182]], "_edges": [[200.0, 300.0, 400.0, 600.0, 800.0], [0.0, 0.7999999999999999, 1.5999999999999999, 2.4]], "_errors": [[0.024157679964116847, 0.03712980280739146, 0.040383958493382346, 0.07338919735781749], [0.025661312104674556, 0.03622758154011122, 0.04528174807101807, 0.09884998352039573], [0.03282257955144127, 0.056296580219875464, 0.07489931532749347, 0.1397647481428741]], "_errors_up": null, "_errors_down": null, "_metadata": {}}