{"_counts": [[0.005170432266526049, 0.004740881954547735, 0.004567513559805881, 0.0], [0.0027579315513364976, 0.0024183796856106408, 0.0012670256572695597, 0.0], [0.0015258235787600854, 0.0011577424023154848, 0.0009746588693957114, 0.0]], "_edges": [[200.0, 300.0, 400.0, 600.0, 800.0], [0.0, 0.7999999999999999, 1.5999999999999999, 2.4]], "_errors": [[0.00011855032849964397, 0.0002444219916901025, 0.001144483191488392, 0.0], [9.597682253065341e-05, 0.00019385932553646918, 0.0006339140400927518, 0.0], [9.275786677005142e-05, 0.00019306873203128633, 0.0009751337336720677, 0.0]], "_errors_up": null, "_errors_down": null, "_metadata": {}}