{"_counts": [[0.26885362809770014, 0.2634749034749035, 0.234990903577926, 0.15384615384615385], [0.22272612748803225, 0.2041732106798295, 0.21158337225595517, 0.21428571428571427], [0.14409810935104753, 0.12527716186252771, 0.115625, NaN]], "_edges": [[200.0, 300.0, 400.0, 600.0, 800.0], [0.0, 0.7999999999999999, 1.5999999999999999, 2.4]], "_errors": [[0.007798678081899643, 0.007170229402812685, 0.009380631574650274, 0.08262863931224226], [0.008283418999632261, 0.007427155944269212, 0.010942311803688225, 0.09640022259026114], [0.009178365802755667, 0.008839901762092529, 0.01419694843008745, NaN]], "_errors_up": null, "_errors_down": null, "_metadata": {}}