{"_counts": [[0.4358974358974359, 0.5, 0.8, 1.0], [0.45454545454545453, 0.2777777777777778, 1.0, NaN], [0.26666666666666666, 0.0, NaN, NaN]], "_edges": [[200.0, 300.0, 400.0, 600.0, 800.0], [0.0, 0.7999999999999999, 1.5999999999999999, 2.4]], "_errors": [[0.12668394050766102, 0.19364916731037085, 0.5366563145999496, 1.4142135623730951], [0.14154526257482236, 0.14042361933428799, 1.0, NaN], [0.15006171569897006, 0.0, NaN, NaN]], "_errors_up": null, "_errors_down": null, "_metadata": {}}