{"_counts": [[0.19130434782608696, 0.14516129032258066, 0.058823529411764705, 0.16666666666666666], [0.0967741935483871, 0.125, 0.0, 0.0], [0.10869565217391304, 0.0, 0.0, NaN]], "_edges": [[200.0, 300.0, 400.0, 600.0, 800.0], [0.0, 0.7999999999999999, 1.5999999999999999, 2.4]], "_errors": [[0.04451689482151706, 0.051780101192710835, 0.04280040441817641, 0.1800205749557739], [0.03378289923152534, 0.06629126073623882, 0.0, 0.0], [0.05118389628189909, 0.0, 0.0, NaN]], "_errors_up": null, "_errors_down": null, "_metadata": {}}