{"_counts": [[0.21875, 0.34782608695652173, 0.0, NaN], [0.23076923076923078, 0.2857142857142857, 0.0, 0.0], [0.10526315789473684, 0.0, 0.0, NaN]], "_edges": [[200.0, 300.0, 400.0, 600.0, 800.0], [0.0, 0.7999999999999999, 1.5999999999999999, 2.4]], "_errors": [[0.09127594879334315, 0.14276905548959704, 0.0, NaN], [0.08533849172695833, 0.16198477414681167, 0.0, 0.0], [0.0782517833342135, 0.0, 0.0, NaN]], "_errors_up": null, "_errors_down": null, "_metadata": {}}