{"_counts": [[0.2742852975495916, 0.1958904109589041, 0.19402985074626866, NaN], [0.19835886214442014, 0.13159797541576285, 0.18518518518518517, NaN], [0.08967674661105318, 0.043859649122807015, 0.0, NaN]], "_edges": [[200.0, 300.0, 400.0, 600.0, 800.0], [0.0, 0.7999999999999999, 1.5999999999999999, 2.4]], "_errors": [[0.005048753860957294, 0.010342611773353778, 0.05880367458907166, NaN], [0.005099717891708945, 0.010376707973406514, 0.06375281228324967, NaN], [0.00504718779764552, 0.010020080490447666, 0.0, NaN]], "_errors_up": null, "_errors_down": null, "_metadata": {}}