{"_counts": [[0.005896921806816842, 0.006251220941590154, 0.005167632972019158, 0.011335633316904879], [0.0038604518158421503, 0.0028493557978196233, 0.0038979447200566974, 0.010997643362136685], [0.0007465472191116088, 0.0008361204013377926, 0.0021208907741251328, 0.003663003663003663]], "_edges": [[200.0, 300.0, 400.0, 600.0, 800.0], [0.0, 0.7999999999999999, 1.5999999999999999, 2.4]], "_errors": [[0.0005914283093298888, 0.0007838411728530801, 0.0008091312599539821, 0.0023770018825259452], [0.0005263540013609509, 0.000594977598903106, 0.000832662714308966, 0.002955362006403], [0.0003048903697993154, 0.0004829361086346966, 0.0010615693358540011, 0.0036697063285597137]], "_errors_up": null, "_errors_down": null, "_metadata": {}}