{"_counts": [[0.025396825396825397, 0.007776049766718507, 0.007220216606498195, 0.0], [0.0, 0.0017513134851138354, 0.006016847172081829, 0.0], [0.0, 0.0, 0.0, 0.0]], "_edges": [[200.0, 300.0, 400.0, 600.0, 800.0], [0.0, 0.7999999999999999, 1.5999999999999999, 2.4]], "_errors": [[0.009092439583410787, 0.003491049813071312, 0.0029582632508455336, 0.0], [0.0, 0.0017528463637312439, 0.002698898831021473, 0.0], [0.0, 0.0, 0.0, 0.0]], "_errors_up": null, "_errors_down": null, "_metadata": {}}