{"_counts": [[0.27712609970674484, 0.18009478672985782, 0.16126809097174363, 0.16860068259385666], [0.16816647919010125, 0.09979035639412998, 0.08782768408749374, 0.09946949602122016], [0.10211946050096339, 0.06205250596658711, 0.03851851851851852, 0.03986710963455149]], "_edges": [[200.0, 300.0, 400.0, 600.0, 800.0], [0.0, 0.7999999999999999, 1.5999999999999999, 2.4]], "_errors": [[0.01139025434329359, 0.007096640266046378, 0.003786914570561421, 0.0051863153190945255], [0.01051129458187742, 0.006783519046903711, 0.0039940970423590514, 0.006021724503936139], [0.01472600394292736, 0.012541389182750967, 0.0076982147798121655, 0.011735809422781907]], "_errors_up": null, "_errors_down": null, "_metadata": {}}