{"_counts": [[0.27287066246056785, 0.2272069464544139, 0.3125, NaN], [0.2261349172677132, 0.23062381852551986, 0.3125, NaN], [0.1417384494909945, 0.1, 0.0, NaN]], "_edges": [[200.0, 300.0, 400.0, 600.0, 800.0], [0.0, 0.7999999999999999, 1.5999999999999999, 2.4]], "_errors": [[0.010467450840359504, 0.020087721623337947, 0.16010860571811875, NaN], [0.010846088707575854, 0.023162578360123667, 0.16010860571811875, NaN], [0.011257234254729798, 0.024061325159289392, 0.0, NaN]], "_errors_up": null, "_errors_down": null, "_metadata": {}}