{"_counts": [[0.35294117647058826, NaN, NaN, NaN], [0.36363636363636365, NaN, NaN, NaN], [0.14285714285714285, NaN, NaN, NaN]], "_edges": [[200.0, 300.0, 400.0, 600.0, 800.0], [0.0, 0.7999999999999999, 1.5999999999999999, 2.4]], "_errors": [[0.11850895356085611, NaN, NaN, NaN], [0.150131422517231, NaN, NaN, NaN], [0.10798984943120779, NaN, NaN, NaN]], "_errors_up": null, "_errors_down": null, "_metadata": {}}