{"_counts": [[0.24941543257989088, 0.1862481119064819, 0.16823549546465857, 0.1282051282051282], [0.18552036199095023, 0.11866018596787828, 0.10092015434847136, 0.0], [0.0835827768823394, 0.048575129533678756, 0.06430155210643015, 0.0]], "_edges": [[200.0, 300.0, 400.0, 600.0, 800.0], [0.0, 0.7999999999999999, 1.5999999999999999, 2.4]], "_errors": [[0.004322451108281332, 0.003809136471741865, 0.00579970723733814, 0.060899598563626096], [0.004506673791424722, 0.0037451070600944204, 0.005742703034506668, 0.0], [0.0045666163778512936, 0.004061328457735257, 0.008710434252473217, 0.0]], "_errors_up": null, "_errors_down": null, "_metadata": {}}