{"_counts": [[0.3888888888888889, 0.32558139534883723, 0.26346153846153847, 0.25914634146341464], [0.20652173913043478, 0.24778761061946902, 0.21153846153846154, 0.20192307692307693], [0.05263157894736842, 0.1, 0.10606060606060606, 0.07272727272727272]], "_edges": [[200.0, 300.0, 400.0, 600.0, 800.0], [0.0, 0.7999999999999999, 1.5999999999999999, 2.4]], "_errors": [[0.057741626339104034, 0.050092045528888275, 0.025301015512838275, 0.02230276587070917], [0.05204230802537053, 0.05230833624454464, 0.028660646109463853, 0.027890353419005837], [0.031176256724162753, 0.060553007081949835, 0.042159412159260244, 0.03766274477653187]], "_errors_up": null, "_errors_down": null, "_metadata": {}}