{"_counts": [[0.26036866359447003, 0.17354754343358864, 0.1568438003220612, 0.1702127659574468], [0.19107622392067755, 0.11665127731609726, 0.10434056761268781, 0.09259259259259259], [0.08163265306122448, 0.06629834254143646, 0.048672566371681415, 0.014492753623188406]], "_edges": [[200.0, 300.0, 400.0, 600.0, 800.0], [0.0, 0.7999999999999999, 1.5999999999999999, 2.4]], "_errors": [[0.0066692013582921985, 0.006168235662732076, 0.005405367673101011, 0.016808692096748838], [0.006856548643407545, 0.006331821703638291, 0.005662250439500953, 0.017670333371725997], [0.006886237738934134, 0.008068183926064457, 0.007514115410882442, 0.014597395802473476]], "_errors_up": null, "_errors_down": null, "_metadata": {}}