{"_counts": [[0.0, 0.0, 0.0, NaN], [0.03125, 0.1, 0.0, 0.0], [0.0, 0.0, NaN, 0.0]], "_edges": [[200.0, 300.0, 400.0, 600.0, 800.0], [0.0, 0.7999999999999999, 1.5999999999999999, 2.4]], "_errors": [[0.0, 0.0, 0.0, NaN], [0.03173452501810922, 0.10488088481701517, 0.0, 0.0], [0.0, 0.0, NaN, 0.0]], "_errors_up": null, "_errors_down": null, "_metadata": {}}