{"_counts": [[0.3768882175226586, 0.4184491978609626, 0.4543918918918919, 0.49333333333333335], [0.3215547703180212, 0.3574660633484163, 0.4037854889589905, 0.358695652173913], [0.16065573770491803, 0.344, 0.24358974358974358, 0.25]], "_edges": [[200.0, 300.0, 400.0, 600.0, 800.0], [0.0, 0.7999999999999999, 1.5999999999999999, 2.4]], "_errors": [[0.019797558251247294, 0.028169391385533062, 0.03341143707192378, 0.057221251340199404], [0.022372587567792843, 0.033133763240881395, 0.04228595049185368, 0.07278304740671758], [0.024725774947654596, 0.06081683977320756, 0.0623190412902152, 0.19764235376052372]], "_errors_up": null, "_errors_down": null, "_metadata": {}}