{"_counts": [[0.025673025494740594, 0.02446626149290946, 0.03304524656837824, 0.03090988245537658], [0.013510419051980764, 0.01600312256049961, 0.020163020163020164, 0.011834319526627219], [0.005945303210463734, 0.007564296520423601, 0.008567348881485007, 0.004934210526315789]], "_edges": [[200.0, 300.0, 400.0, 600.0, 800.0], [0.0, 0.7999999999999999, 1.5999999999999999, 2.4]], "_errors": [[0.0015320935181884774, 0.0019763625557829784, 0.0024052009288360386, 0.003724590494668403], [0.0012521083878953472, 0.001781333873612433, 0.002100518186211135, 0.0025379709893980475], [0.0010886808026037765, 0.0016978133019928275, 0.002027975258688687, 0.0028557873372357595]], "_errors_up": null, "_errors_down": null, "_metadata": {}}