{"_counts": [[0.25551325335823577, 0.23894500561167228, 0.29245503387059096, 0.3156411460779709], [0.19965833867179159, 0.2047787610619469, 0.24216410461169893, 0.24552683896620278], [0.1297327394209354, 0.16491596638655462, 0.17374810318664644, 0.1419753086419753]], "_edges": [[200.0, 300.0, 400.0, 600.0, 800.0], [0.0, 0.7999999999999999, 1.5999999999999999, 2.4]], "_errors": [[0.004800452203155847, 0.005764161513021377, 0.006644306528095652, 0.013966182049528632], [0.005057028932724396, 0.006608028129480252, 0.007749413880219618, 0.017435204315459214], [0.006387699654492299, 0.010044889853136356, 0.012439123584868783, 0.031635686298350646]], "_errors_up": null, "_errors_down": null, "_metadata": {}}