{"_counts": [[0.3076923076923077, 0.26666666666666666, 0.22727272727272727, 0.0], [0.2608695652173913, 0.21428571428571427, 0.375, 0.0], [0.3076923076923077, 0.25, 0.5, NaN]], "_edges": [[200.0, 300.0, 400.0, 600.0, 800.0], [0.0, 0.7999999999999999, 1.5999999999999999, 2.4]], "_errors": [[0.12440116000963691, 0.15006171569897006, 0.11259856688792326, 0.0], [0.11958669681614147, 0.13633050220293252, 0.2538762001448738, 0.0], [0.17592980766057403, 0.2795084971874737, 0.6123724356957945, NaN]], "_errors_up": null, "_errors_down": null, "_metadata": {}}