{"_counts": [[0.004454342984409799, 0.0, 0.02040816326530612, 0.0], [0.0, 0.0, 0.0, 0.0], [0.0, 0.0, 0.0, 0.0]], "_edges": [[200.0, 300.0, 400.0, 600.0, 800.0], [0.0, 0.7999999999999999, 1.5999999999999999, 2.4]], "_errors": [[0.0031567032490788746, 0.0, 0.02061535805208593, 0.0], [0.0, 0.0, 0.0, 0.0], [0.0, 0.0, 0.0, 0.0]], "_errors_up": null, "_errors_down": null, "_metadata": {}}