{"_counts": [[0.576530612244898, 0.5614973262032086, 0.4712543554006969, 0.42162162162162165], [0.5338983050847458, 0.43493761140819964, 0.43986820428336076, 0.35294117647058826], [0.2988505747126437, 0.31690140845070425, 0.2328767123287671, 0.23076923076923078]], "_edges": [[200.0, 300.0, 400.0, 600.0, 800.0], [0.0, 0.7999999999999999, 1.5999999999999999, 2.4]], "_errors": [[0.04815255728635025, 0.030622360386718655, 0.024575401692883286, 0.056920352767157574], [0.05890763041050773, 0.0333540489255038, 0.03230191800485136, 0.07495164327508544], [0.06679547103501778, 0.054211889393479686, 0.04434518054413506, 0.14781060351238812]], "_errors_up": null, "_errors_down": null, "_metadata": {}}