{"_counts": [[0.2842718446601942, 0.2569496619083396, 0.2571566033197017, 0.2462809917355372], [0.23379989631933645, 0.20057142857142857, 0.2089125102207686, 0.1693121693121693], [0.14301801801801803, 0.12482269503546099, 0.11756569847856155, 0.10126582278481013]], "_edges": [[200.0, 300.0, 400.0, 600.0, 800.0], [0.0, 0.7999999999999999, 1.5999999999999999, 2.4]], "_errors": [[0.011907121575113993, 0.011014859007579517, 0.008818678674564692, 0.02252401174672428], [0.012228646984442877, 0.011730310592176205, 0.010161350531443064, 0.02288565896397225], [0.01356798744162205, 0.014112184777469507, 0.01348055266120827, 0.03757197138204016]], "_errors_up": null, "_errors_down": null, "_metadata": {}}