{"_counts": [[0.025917337334606466, 0.03176945018196125, 0.046263345195729534, 0.07171052631578947], [0.016944136145024047, 0.020851917930419267, 0.037941610814495055, 0.0431924882629108], [0.009676709918627667, 0.013417521704814523, 0.02295552367288379, 0.023423423423423424]], "_edges": [[200.0, 300.0, 400.0, 600.0, 800.0], [0.0, 0.7999999999999999, 1.5999999999999999, 2.4]], "_errors": [[0.0013466501001496776, 0.0017955593713291334, 0.002001481746572072, 0.005027978493425989], [0.0011291463613474003, 0.0015406591877521478, 0.002115090687391817, 0.004599350806672778], [0.0010365196876283135, 0.001637993049428195, 0.0025957961677709005, 0.006572133388497965]], "_errors_up": null, "_errors_down": null, "_metadata": {}}