{"_counts": [[0.3088215608406586, 0.2696892804136544, 0.2988102852756812, 0.3202471554517369], [0.23718869731800765, 0.21836558281800653, 0.24921474623904777, 0.25927542557835004], [0.1369222548757681, 0.14070098943484824, 0.17184724689165187, 0.18694362017804153]], "_edges": [[200.0, 300.0, 400.0, 600.0, 800.0], [0.0, 0.7999999999999999, 1.5999999999999999, 2.4]], "_errors": [[0.004246815652668762, 0.004048951133911525, 0.0031511245735596884, 0.005644408485388512], [0.004191357700484275, 0.004206020896429208, 0.0035870186220213693, 0.006892358679037962], [0.004560132836029878, 0.005188025238957428, 0.0054596144053120615, 0.014814765848460835]], "_errors_up": null, "_errors_down": null, "_metadata": {}}