{"_counts": [[0.25, 0.0, 0.0, NaN], [0.0, NaN, NaN, NaN], [1.0, 0.0, NaN, NaN]], "_edges": [[200.0, 300.0, 400.0, 600.0, 800.0], [0.0, 0.7999999999999999, 1.5999999999999999, 2.4]], "_errors": [[0.19764235376052372, 0.0, 0.0, NaN], [0.0, NaN, NaN, NaN], [1.4142135623730951, 0.0, NaN, NaN]], "_errors_up": null, "_errors_down": null, "_metadata": {}}